size, path
,Extension
,Extension/Horticulture
,Extension/4H
,Extension/Food WIse
,Extension/Horticulture/Opportunities
,Extension/Horticulture/Issues
,Extension/Horticulture/Needs
,Extension/Horticulture/Sunset
,Extension/Horticulture/Opportunities/Immediate
,Extension/Horticulture/Opportunities/Immediate/High Priority
,Extension/Horticulture/Opportunities/Immediate/Low Priority
9,Extension/Horticulture/Opportunities/Immediate/High Priority/Project 1
6,Extension/Horticulture/Opportunities/Immediate/High Priority/Project 2
3,Extension/Horticulture/Opportunities/Immediate/Low Priority/Project 3
10,Extension/Horticulture/Opportunities/Long Term/Project 4
7,Extension/Horticulture/Opportunities/Short Term/Project 5
